Номер будинку, що належить ОСББ;Час безперебійної роботи електрообладнання у будинку
1;0;167
2;0;234
3;0;186
4;0;204
5;1;224
6;0;203
7;1;253
8;0;228
9;1;215
10;0;113
11;1;208
12;0;110
13;0;281
14;0;221
15;1;116
16;0;86
17;0;246
18;1;165
19;1;253
20;1;192
21;0;202
22;0;173
23;0;155
24;1;278
25;1;213
26;0;258
27;0;201
28;1;189
29;0;281
30;0;254
31;0;91
32;0;165
33;1;255
34;0;100
35;0;284
36;1;246
37;1;134
38;0;165
39;0;162
40;1;170
41;0;93
42;0;241
43;0;186
44;1;160
45;0;140
46;1;115
47;0;246
48;1;172
49;0;138
50;1;111
51;1;184
52;1;237
53;0;191
54;0;141
55;1;216
56;0;87
57;1;258
58;0;191
59;0;238
60;0;91
61;0;221
62;1;105
63;1;92
64;1;129
65;0;156
66;1;193
67;0;265
68;0;264
69;1;230
70;1;231
71;0;237
72;1;166
73;0;128
74;0;129
75;1;95
76;0;148
77;0;232
78;1;269
79;1;151
80;1;185
81;1;279
82;1;232
83;1;257
84;0;281
85;1;168
86;1;223
87;0;187
88;0;129
89;0;228
90;1;127
91;0;242
92;0;229
93;1;230
94;1;165
95;0;281
96;0;206
97;0;201
98;1;155
99;1;179
100;1;215
101;1;234
102;1;235
103;1;223
104;0;285
105;0;120
106;1;145
107;0;129
108;0;278
109;1;194
110;0;182
111;0;97
112;1;92
113;1;233
114;0;264
115;0;224
116;0;132
117;1;196
118;0;100
119;0;104
120;1;130
121;0;134
122;0;145
123;1;268
124;0;277
125;0;239
126;1;88
127;1;199
128;1;143
129;1;153
130;0;116
131;0;241
132;0;110
133;1;156
134;1;145
135;1;113
136;0;270
137;1;242
138;1;91
139;1;127
140;0;154
141;1;200
142;0;148
143;0;117
144;0;233
145;0;227
146;0;103
147;0;180
148;0;176
149;0;153
150;0;190
151;1;138
152;0;226
153;1;252
154;1;162
155;0;271
156;0;95
157;0;112
158;1;251
159;0;90
160;0;285
161;1;225
162;1;181
163;1;209
164;0;224
165;0;94
166;1;183
167;1;168
168;1;111
169;0;259
170;1;115
171;1;156
172;0;283
173;0;253
174;0;179
175;0;88
176;0;261
177;1;266
178;0;248
179;1;262
180;0;194
181;0;275
182;1;263
183;1;151
184;1;191
185;1;200
186;1;262
187;0;162
188;1;174
189;0;228
190;0;187
191;1;252
192;1;275
193;1;207
194;1;236
195;1;99
196;1;85
197;1;109
198;1;241
199;1;98
200;1;85
201;0;215
202;1;250
203;1;141
204;0;248
205;0;174
206;0;220
207;0;140
208;1;169
209;0;102
210;1;227
211;0;277
212;0;249
213;1;253
214;0;135
215;0;256
216;1;111
217;0;168
218;0;97
219;1;92
220;0;254
221;1;280
222;1;270
223;0;194
224;1;271
225;0;187
226;0;114
227;0;185
228;0;132
229;1;87
230;0;176
231;0;213
232;0;187
233;0;182
234;0;115
235;0;90
236;0;235
237;0;186
238;1;247
239;1;101
240;0;263
241;0;238
242;1;166
243;0;247
244;1;141
245;1;232
246;1;104
247;1;210
248;1;222
249;1;258
250;1;193
251;0;145
252;0;242
253;1;89
254;0;126
255;0;146
256;1;251
257;0;124
258;1;158
259;0;194
260;1;277
261;1;186
262;0;122
263;0;162
264;1;156
265;0;256
266;1;91
267;0;175
268;1;182
269;1;105
270;1;154
271;1;218
272;1;282
273;0;238
274;0;283
275;0;267
276;0;239
277;1;224
278;1;257
279;1;230
280;1;154
281;1;230
282;0;145
283;0;183
284;0;119
285;0;261
286;0;89
287;0;98
288;1;230
289;1;102
290;0;262
291;1;182
292;0;172
293;0;137
294;1;184
295;1;199
296;0;105
297;0;234
298;0;86
299;1;235
300;1;180
301;0;271
302;0;128
303;1;85
304;0;230
305;1;153
306;0;107
307;0;178
308;1;194
309;0;202
310;0;229
311;1;220
312;1;284
313;1;235
314;0;148
315;0;209
316;1;284
317;0;271
318;1;222
319;0;276
320;0;99
321;0;86
322;1;162
323;1;174
324;1;275
325;1;269
326;0;230
327;1;106
328;0;217
329;0;241
330;0;113
331;1;263
332;0;108
333;0;109
334;0;102
335;1;117
336;1;262
337;0;222
338;0;191
339;1;260
340;1;185
341;0;155
342;0;271
343;0;107
344;0;256
345;1;274
346;1;86
347;0;164
348;0;267
349;0;164
350;0;263
351;1;170
352;0;174
353;1;276
354;1;280
355;1;163
356;1;285
357;0;219
358;0;211
359;0;241
360;1;277
361;0;196
362;0;126
363;0;254
364;1;228
365;0;144
366;0;279
367;1;201
368;0;281
369;1;124
370;0;253
371;0;203
372;1;131
373;0;188
374;1;193
375;1;258
376;1;212
377;0;246
378;0;192
379;0;128
380;1;258
381;0;199
382;1;146
383;0;148
384;1;277
385;0;191
386;0;88
387;0;236
388;0;108
389;1;263
390;0;269
391;0;175
392;0;198
393;1;97
394;0;245
395;1;98
396;1;215
397;1;278
398;0;104
399;0;89
400;1;180
401;1;249
402;1;118
403;0;221
404;1;121
405;1;250
406;0;102
407;0;107
408;1;227
409;1;220
410;1;140
411;0;259
412;0;253
413;1;218
414;0;216
415;1;175
416;1;169
417;1;271
418;0;152
419;1;191
420;1;221
421;0;135
422;1;172
423;1;147
424;0;133
425;0;150
426;1;182
427;0;238
428;0;126
429;1;129
430;1;152
431;1;122
432;1;271
433;0;176
434;1;169
435;1;213
436;0;118
437;1;88
438;0;89
439;1;223
440;0;132
441;1;189
442;1;217
443;0;279
444;0;109
445;0;201
446;1;226
447;1;233
448;1;221
449;1;271
450;1;112
451;0;161
452;1;225
453;0;177
454;0;85
455;0;97
456;0;180
457;0;232
458;0;171
459;1;118
460;1;116
461;1;210
462;0;266
463;1;167
464;1;172
465;0;118
466;1;159
467;0;118
468;0;197
469;1;115
470;1;194
471;0;234
472;0;227
473;0;247
474;0;135
475;1;135
476;1;90
477;0;227
478;1;281
479;1;203
480;1;102
481;1;153
482;1;277
483;1;147
484;0;122
485;1;249
486;0;91
487;0;86
488;0;95
489;0;121
490;0;103
491;0;246
492;1;120
493;0;206
494;0;184
495;1;249
496;1;176
497;1;119
498;0;101
499;0;141
500;0;171
